filename,width,height,class,xmin,ymin,xmax,ymax
1020856919_66bc59bc15.jpg,500,333,Tennis Ball,195.7070707,107.2159091,284.0909091,196.1420455
104397633_b0dc014fa7.jpg,500,333,Tennis Ball,191.4529915,206.6307692,299.1452991,314.2153846
1045488303_d1e82b6bb2.jpg,333,500,Tennis Ball,147.1395349,366.4159353,273.2591362,470.3982362
1063706751.jpg,495,315,Tennis Ball,249.5898673,12.52840909,480.0723764,254.7443182
1063706751.jpg,495,315,Tennis Ball,42.99155609,41.76136364,294.9698432,293.5227273
1067815011_c69528505b.jpg,500,334,Tennis Ball,195.8661417,101.7074369,256.8897638,153.925726
112098564_8d4fe6197b.jpg,500,375,Tennis Ball,227,209.2300034,295,272.2300034
1140881344_9d0d7c54b4.jpg,500,374,Tennis Ball,117,197.2400055,268,338.2400055
1144669256_b23871f3b8.jpg,500,333,Tennis Ball,19.30036188,110.3967391,85.04221954,174.3423913
1144669256_b23871f3b8.jpg,500,333,Tennis Ball,82.026538,131.5108696,144.7527141,194.8532609
1144669256_b23871f3b8.jpg,500,333,Tennis Ball,33.17249698,168.3097826,101.3268999,234.6684783
1144669256_b23871f3b8.jpg,500,333,Tennis Ball,344.3908323,164.6902174,409.5295537,229.2391304
1144669256_b23871f3b8.jpg,500,333,Tennis Ball,305.1869723,123.6684783,373.3413752,190.0271739
1144669256_b23871f3b8.jpg,500,333,Tennis Ball,369.119421,112.2065217,432.4487334,173.1358696
1175862265_f248c65d28.jpg,500,303,Tennis Ball,185.7142857,67.24991641,382.1428571,265.6746952
1194593316_bcd3ca103f.jpg,500,375,Tennis Ball,18,29.24000549,233,264.2400055
120861267_1f66cdc87a.jpg,500,347,Tennis Ball,274,113.2400055,489,332.2400055
122829580_6f9dd7cd52.jpg,448,336,Tennis Ball,102.7299864,88.86956522,269.2862958,250.7826087
1234877259_4ZIOpL.jpg,550,449,Tennis Ball,39.80797637,74.01992754,119.4239291,136.6521739
1236285089_2489289e15.jpg,331,500,Tennis Ball,78.59866221,350.9181453,249.0802676,493.6172604
1236341561_d7eb16f170.jpg,375,500,Tennis Ball,147,354,269,462
1240155603_1ed030fde9.jpg,399,500,Tennis Ball,122,153,216,241
1261170656_928d977bf3.jpg,500,334,Tennis Ball,206.1668682,239.6086957,290.8101572,313.4275362
1263508152_4c3438418d.jpg,500,375,Tennis Ball,169.0340909,120.0284091,292.6136364,237.9261364
1273620282_ad55b45ed9.jpg,500,333,Tennis Ball,171.9056974,80.78443017,405.697446,298.8552266
127658974_77967bfb3e.jpg,500,375,Tennis Ball,289.4230769,177.8846154,347.1153846,240.3846154
127658974_77967bfb3e.jpg,500,375,Tennis Ball,353.8461538,160.5769231,410.5769231,216.3461538
1278344170_74354fc54b.jpg,500,333,Tennis Ball,199.410609,138.7303573,262.2789784,193.7392068
134194169_19708fb6ce.jpg,500,375,Tennis Ball,163,120.2400055,298,250.2400055
1344773128_d751317f68.jpg,500,406,Tennis Ball,175,40.24000549,497,361.2400055
1347577605_df3897802c.jpg,500,375,Tennis Ball,134.2329545,78.83522727,359.375,312.5
1351091473_6408c40b50.jpg,500,386,Tennis Ball,360.9077599,152.0606061,477.3060029,262.4507576
1351091473_6408c40b50.jpg,500,386,Tennis Ball,363.1039531,261.719697,476.5739385,372.1098485
1351091473_6408c40b50.jpg,500,386,Tennis Ball,233.5285505,127.9356061,344.8023426,237.594697
1357566953_f1103897d6.jpg,298,197,Tennis Ball,84.23001949,111.7146935,158.5847953,183.7736905
137764404_ed7f188615.jpg,500,355,Tennis Ball,51,18.24000549,89,62.24000549
1385027104_ee64f0c55a.jpg,500,333,Tennis Ball,118.8605108,37.56319124,296.6601179,210.448147
1385734613_a8370769a1.jpg,500,375,Tennis Ball,373,125.2400055,485,229.2400055
1387950680_eb68be579f.jpg,500,375,Tennis Ball,110,78.24000549,363,321.2400055
1401.jpg,313,299,Tennis Ball,8.43872549,6.9,296.8897059,288.2666667
1408618667_b6e42eda4d.jpg,500,375,Tennis Ball,77,64.24000549,191,173.2400055
1408743499_8321811ff4.jpg,375,500,Tennis Ball,5.530973451,306.681422,319.6902655,499.1592981
142571216_6848bee8f9.jpg,500,375,Tennis Ball,149.8579545,1.420454545,498.5795455,340.9090909
143021932_349e568df2.jpg,500,333,Tennis Ball,444.9901768,43.45699655,493.1237721,101.4127488
143021932_349e568df2.jpg,500,333,Tennis Ball,388.9980354,8.094164688,430.2554028,51.31540363
143021932_349e568df2.jpg,500,333,Tennis Ball,362.475442,65.06761602,417.4852652,116.147262
143021932_349e568df2.jpg,500,333,Tennis Ball,472.4950884,164.2800054,498.0353635,205.5366426
143021932_349e568df2.jpg,500,333,Tennis Ball,332.0235756,233.0410673,381.1394892,275.2800054
143021932_349e568df2.jpg,500,333,Tennis Ball,301.5717092,149.5454921,345.7760314,204.5543417
143021932_349e568df2.jpg,500,333,Tennis Ball,271.1198428,109.2711558,317.2888016,160.3508019
143021932_349e568df2.jpg,500,333,Tennis Ball,234.7740668,121.0587665,281.9253438,169.1915098
143021932_349e568df2.jpg,500,333,Tennis Ball,194.4990177,223.2180585,242.632613,270.368501
143021932_349e568df2.jpg,500,333,Tennis Ball,169.9410609,193.7490319,216.1100196,240.8994744
143021932_349e568df2.jpg,500,333,Tennis Ball,132.6129666,162.3154036,183.6935167,217.3242532
143021932_349e568df2.jpg,500,333,Tennis Ball,111.0019646,217.3242532,154.2239686,261.527793
143021932_349e568df2.jpg,500,333,Tennis Ball,86.44400786,214.3773505,124.7544204,256.6162886
143021932_349e568df2.jpg,500,333,Tennis Ball,55.00982318,210.448147,95.2848723,242.8640762
143021932_349e568df2.jpg,500,333,Tennis Ball,38.31041257,240.8994744,79.56777996,283.1384125
143021932_349e568df2.jpg,500,333,Tennis Ball,10.80550098,223.2180585,48.13359528,261.527793
1430771244_aa876ce7c6.jpg,500,331,Tennis Ball,200.1953125,95.58967701,286.1328125,171.748969
144096323_b7af018cbf.jpg,500,375,Tennis Ball,200,213.2400055,326,320.2400055
1460163201_cabb078837.jpg,500,375,Tennis Ball,228,111.9000015,484,345.9000015
1460163201_cabb078837.jpg,500,375,Tennis Ball,9,87.90000153,141,219.9000015
1460163201_cabb078837.jpg,500,375,Tennis Ball,399,78.90000153,466,137.9000015
148479230_dec9c99fed.jpg,500,375,Tennis Ball,59.65909091,82.38636364,141.3352273,164.7727273
14954891_ec14381751.jpg,500,375,Tennis Ball,2,1.240005493,255,367.2400055
1518120282_99758d3fe7.jpg,500,304,Tennis Ball,23.65236524,30.84057971,289.8789879,289.6811594
1526276043_cd486f7f58.jpg,500,334,Tennis Ball,109.5890411,155.0102564,268.8356164,323.7230769
158653606_b61f5e8e8d.jpg,500,375,Tennis Ball,221,5.240005493,499,329.2400055
159575067_217b5551a9.jpg,500,375,Tennis Ball,194.0298507,242.5271739,241.5196744,283.2880435
1597885482_2984df0b6e.jpg,500,375,Tennis Ball,225,35.24000549,427,252.2400055
1597885482_2984df0b6e.jpg,500,375,Tennis Ball,83,169.2400055,305,373.2400055
1597885482_2984df0b6e.jpg,500,375,Tennis Ball,297,237.2400055,495,371.2400055
1597885482_2984df0b6e.jpg,500,375,Tennis Ball,387,87.24000549,497,293.2400055
1597885482_2984df0b6e.jpg,500,375,Tennis Ball,323,5.240005493,497,101.2400055
1597885482_2984df0b6e.jpg,500,375,Tennis Ball,28,1.240005493,247,191.2400055
1597885482_2984df0b6e.jpg,500,375,Tennis Ball,1,99.24000549,110,335.2400055
1609324556_67d206dc2c.jpg,375,500,Tennis Ball,158.1858407,260.951327,205.7522124,305.1991146
1609324556_67d206dc2c.jpg,375,500,Tennis Ball,131.6371681,273.1194686,169.2477876,322.8982297
1609324556_67d206dc2c.jpg,375,500,Tennis Ball,186.9469027,279.7566367,231.1946903,318.4734509
1609324556_67d206dc2c.jpg,375,500,Tennis Ball,149.3362832,291.9247783,201.3274336,338.3849553
1609324556_67d206dc2c.jpg,375,500,Tennis Ball,107.300885,300.7743359,143.8053097,342.8097341
1609324556_67d206dc2c.jpg,375,500,Tennis Ball,73.00884956,297.4557518,105.0884956,342.8097341
1609324556_67d206dc2c.jpg,375,500,Tennis Ball,76.32743363,385.951327,131.6371681,437.9424775
1609324556_67d206dc2c.jpg,375,500,Tennis Ball,173.6725664,367.1460173,233.4070796,423.5619465
1609324556_67d206dc2c.jpg,375,500,Tennis Ball,143.8053097,333.9601766,204.6460177,393.6946898
1609324556_67d206dc2c.jpg,375,500,Tennis Ball,127.2123894,371.570796,183.6283186,431.3053093
1609324556_67d206dc2c.jpg,375,500,Tennis Ball,226.7699115,315.1548668,282.079646,382.6327429
1609324556_67d206dc2c.jpg,375,500,Tennis Ball,271.0176991,296.3495571,325.2212389,367.1460173
1609324556_67d206dc2c.jpg,375,500,Tennis Ball,305.3097345,336.1725659,359.5132743,399.2256633
1609324556_67d206dc2c.jpg,375,500,Tennis Ball,284.2920354,378.2079642,339.6017699,433.5176987
1609324556_67d206dc2c.jpg,375,500,Tennis Ball,253.3185841,394.8008845,309.7345133,453.4292031
1609324556_67d206dc2c.jpg,375,500,Tennis Ball,205.7522124,393.6946898,267.699115,464.49115
1609324556_67d206dc2c.jpg,375,500,Tennis Ball,161.5044248,405.8628314,212.3893805,465.5973447
1609324556_67d206dc2c.jpg,375,500,Tennis Ball,109.5132743,411.3938049,173.6725664,478.871681
1609324556_67d206dc2c.jpg,375,500,Tennis Ball,55.30973451,422.4557518,122.7876106,488.8274332
1609324556_67d206dc2c.jpg,375,500,Tennis Ball,328.539823,382.6327429,372.7876106,415.8185836
1609324556_67d206dc2c.jpg,375,500,Tennis Ball,223.4513274,362.7212385,280.9734513,411.3938049
1609324556_67d206dc2c.jpg,375,500,Tennis Ball,261.0619469,345.0221235,313.0530973,395.9070792
1609324556_67d206dc2c.jpg,375,500,Tennis Ball,193.2153392,327.8761058,236.5412979,375.811209
1609324556_67d206dc2c.jpg,375,500,Tennis Ball,190.4498525,300.2212385,238.3849558,343.5471972
1609324556_67d206dc2c.jpg,375,500,Tennis Ball,227.3230088,287.3156338,272.4926254,327.8761058
1609324556_67d206dc2c.jpg,375,500,Tennis Ball,98.26696165,337.0943949,145.280236,404.3879052
1609324556_67d206dc2c.jpg,375,500,Tennis Ball,66.92477876,357.3746308,105.6415929,409.9188786
1609324556_67d206dc2c.jpg,375,500,Tennis Ball,45.72271386,398.8569317,89.04867257,449.5575217
1609324556_67d206dc2c.jpg,375,500,Tennis Ball,40.19174041,372.1238934,84.43952802,419.1371677
1633707852_d46acf39dc.jpg,500,400,Tennis Ball,100.7575758,265.9090909,218.9393939,382.5757576
164146317_4423687f83.jpg,423,500,Tennis Ball,265.0652742,94.29204147,341.2715405,154.0265547
170478603_9538ad2d5f.jpg,500,374,Tennis Ball,123,76.24000549,369,328.2400055
17143547_8712ecbee2.jpg,500,458,Tennis Ball,191.8402778,227.2651515,315.1041667,333.0909091
1718625597_a28022b485.jpg,340,500,Tennis Ball,40.72423398,350.3787879,171.4206128,482.0075758
17303.jpg,360,265,Tennis Ball,49.97830803,61.16106624,177.2668113,194.0519217
17303.jpg,360,265,Tennis Ball,183.5140998,68.97817539,305.3362256,187.7982344
173056819_2b16815139.jpg,500,375,Tennis Ball,327.4147727,177.5568182,458.8068182,310.3693182
173804284_995face778.jpg,333,500,Tennis Ball,51.57880435,59.7826087,203.6005435,206.5217391
1750516620_cd80e81cb7.jpg,500,375,Tennis Ball,261,99.24000549,395,241.2400055
177621235_d76aba1d70.jpg,500,333,Tennis Ball,265.7828283,31.53409091,431.8181818,187.9431818
181655041_cd9728547c.jpg,500,295,Tennis Ball,91.30434783,187.5904135,176.5217391,284.1833339
182918773_b2fa938ec5.jpg,375,500,Tennis Ball,65.26548673,399.601776,175.8849558,483.6725724
186626221_818ef5b9f4.jpg,500,377,Tennis Ball,148.7039563,274.5543478,225.1023192,342.1684783
187986704_5e0ed97029.jpg,500,213,Tennis Ball,168.3417085,48.53133089,268.2160804,149.0623043
1881596917_9f71143b51.jpg,500,375,Tennis Ball,2,78.24000549,129,250.2400055
191498893_74d7bab2c4.jpg,500,333,Tennis Ball,320.2357564,60.15611159,366.4047151,96.50124433
194515421_962fb3081c.jpg,500,333,Tennis Ball,291.7485265,96.50124433,407.6620825,198.6605364
195055509_87398318b6.jpg,500,375,Tennis Ball,126,231.8999996,201,303.8999996
196681629_d82c83a1df.jpg,500,375,Tennis Ball,54.80769231,93.26923077,315.3846154,348.0769231
19762109_1a2e141d80.jpg,500,375,Tennis Ball,277,106.2300034,313,143.2300034
1977921732_b7a9eacff7.jpg,500,375,Tennis Ball,356,147.2400055,499,329.2400055
198107991_7c0a487578.jpg,500,332,Tennis Ball,225.7861635,61.62121212,443.3962264,276.6666667
19824440_fc5a0fcfa3.jpg,500,375,Tennis Ball,265.625,231.5340909,366.4772727,347.3011364
20000243_ball_small.jpg,150,100,Tennis Ball,47.15127701,21.01475088,105.2062868,81.19174203
202529349_98b487583f.jpg,500,281,Tennis Ball,52.98013245,30.86855913,276.4900662,259.6473202
2045766139_e44cd49fa8.jpg,375,500,Tennis Ball,55.30973451,193.8495636,290.9292035,439.4247848
2053085658_c0de88faa3.jpg,334,500,Tennis Ball,105.3238636,75.75757576,226.7784091,200.7575758
2053085658_c0de88faa3.jpg,334,500,Tennis Ball,108.1704545,191.2878788,233.4204545,303.9772727
2053085658_c0de88faa3.jpg,334,500,Tennis Ball,107.2215909,299.2424242,231.5227273,412.8787879
2053533547_26455370fb.jpg,333,500,Tennis Ball,88.50498339,352.7654884,264.4086379,489.93363
2060767300_c072e7af22.jpg,500,375,Tennis Ball,168,148.5700006,265,254.5700006
2094012329_318ab43bf1.jpg,500,357,Tennis Ball,223,183.8999996,329,284.8999996
209891693_9e6e7cf96f.jpg,500,333,Tennis Ball,166.9941061,148.5631912,307.4656189,267.4215983
2105354385_3f1d5bd7a3.jpg,500,332,Tennis Ball,147.7495108,96.21145081,223.0919765,168.6834272
2114374007_a268432425.jpg,500,335,Tennis Ball,186.4261168,59.26923077,362.5429553,245.6666667
2119866221_ccbf86d4a1.jpg,340,500,Tennis Ball,208.6363636,375.2654928,334.4805195,492.52213
2120452921_81619321f0.jpg,500,333,Tennis Ball,283.8899804,231.0764656,324.1650295,257.5985895
2120452921_81619321f0.jpg,500,333,Tennis Ball,299.6070727,185.8906249,336.935167,212.4127488
2120452921_81619321f0.jpg,500,333,Tennis Ball,281.9253438,144.6339877,325.1473477,177.0499169
2120452921_81619321f0.jpg,500,333,Tennis Ball,285.8546169,119.0941647,323.1827112,139.7224833
2120452921_81619321f0.jpg,500,333,Tennis Ball,285.8546169,105.3419523,323.1827112,121.0587665
2120452921_81619321f0.jpg,500,333,Tennis Ball,283.8899804,89.62513814,319.2534381,107.3065541
2120452921_81619321f0.jpg,500,333,Tennis Ball,105.108055,88.64283725,132.6129666,112.2180585
2120452921_81619321f0.jpg,500,333,Tennis Ball,1.964636542,181.9614213,22.59332024,213.3950496
2120452921_81619321f0.jpg,500,333,Tennis Ball,24.55795678,225.1826603,48.13359528,262.5100939
2120452921_81619321f0.jpg,500,333,Tennis Ball,452.848723,84.71363371,482.3182711,112.2180585
213143364_cb3c03808e.jpg,500,375,Tennis Ball,255,129.2400055,379,246.2400055
2133016067_89961b5ce3.jpg,500,375,Tennis Ball,77.34056988,37.36413043,334.4640434,281.9293478
2140650253_74accfdc2c.jpg,461,500,Tennis Ball,105.0239808,138.5398291,370.3477218,388.5398291
2148325184_9db4872de0.jpg,500,331,Tennis Ball,211.9140625,148.647321,284.1796875,227.7358166
2148325184_9db4872de0.jpg,500,331,Tennis Ball,178.7109375,114.4732797,256.8359375,198.4437812
2148325184_9db4872de0.jpg,500,331,Tennis Ball,246.09375,102.7564655,310.546875,176.9629552
2166126965_b04486f5eb.jpg,500,441,Tennis Ball,83,249.2400055,315,436.2400055
2181138052_6436552996.jpg,500,375,Tennis Ball,189,219.9000015,271,286.9000015
2181138052_6436552996.jpg,500,375,Tennis Ball,213,230.9000015,333,339.9000015
2189935038_c64c60d3af.jpg,333,500,Tennis Ball,102.8870432,251.3716875,215.730897,365.3097406
2192866149_dd473a7050.jpg,500,375,Tennis Ball,64,60.23000336,261,278.2300034
2195524038_20396cc13a.jpg,500,389,Tennis Ball,75.95870206,144.4015152,264.7492625,338.1647727
2205029357_a4144357e9.jpg,500,375,Tennis Ball,387.0738636,127.8409091,498.5795455,269.1761364
2207207734_c46fb1a22e.jpg,500,334,Tennis Ball,440.7496977,224.4818841,466.1426844,250.5
2218430047_93aa039127.jpg,365,500,Tennis Ball,115.0248139,182.9710145,304.3176179,348.7318841
2220287419_b6faf29bcb.jpg,500,375,Tennis Ball,53,67.89999962,331,366.8999996
2224464606_a1bf14fa93.jpg,375,500,Tennis Ball,47.56637168,163.6061964,295.3539823,423.5619486
2224890229_0bc1eaf72e.jpg,500,348,Tennis Ball,168.8654354,264.2954545,226.9129288,321.6363636
2228891834_810f7539df.jpg,500,333,Tennis Ball,58.93909627,99.44814699,254.4204322,296.8906249
2230775335_843ebc0568.jpg,357,500,Tennis Ball,128.7851459,261.3636364,273.668435,394.8863636
223081394_eff5df2f2b.jpg,500,375,Tennis Ball,263.4943182,96.59090909,489.3465909,321.7329545
223917911_daedea4f42.jpg,500,375,Tennis Ball,39,55.24000549,234,267.2400055
2239788282_2cab0e4c26.jpg,500,375,Tennis Ball,73.86363636,1.420454545,443.8920455,332.3863636
2247852276_3517a1a55b.jpg,500,375,Tennis Ball,175.7123474,142.6630435,306.6485753,263.5869565
2249088724_a276b32791.jpg,375,500,Tennis Ball,100.6637168,173.9380592,308.6283186,378.5840769
2253631798_ed3dfd7d5f.jpg,500,333,Tennis Ball,68.76227898,48.36850097,295.6777996,269.3862001
226273488_828f925729.jpg,500,375,Tennis Ball,228,203.2400055,301,268.2400055
2268118028_7b0a5bd6b8.jpg,500,375,Tennis Ball,245,164.2400055,389,305.2400055
2273891171_c1ef9369d3.jpg,303,500,Tennis Ball,159.2408759,338.7500037,182.4635036,363.0862869
2281049571_32ef5b0997.jpg,500,375,Tennis Ball,180.4613297,71.33152174,314.1112619,192.9347826
2281049571_32ef5b0997.jpg,500,375,Tennis Ball,111.9402985,167.798913,243.5549525,294.1576087
2281049571_32ef5b0997.jpg,500,375,Tennis Ball,234.0569878,180.0271739,369.063772,305.0271739
2282951376_2c88ae36c8.jpg,500,333,Tennis Ball,68.76227898,123.0233682,224.9508841,271.3508019
2286464021_12c9da20be.jpg,309,500,Tennis Ball,7.752688172,138.5398291,302.3548387,423.9380592
2286474797_f92ac8c272.jpg,500,275,Tennis Ball,130.4700162,22.09734959,361.4262561,246.8023643
2307240168_a2aee563ff.jpg,375,500,Tennis Ball,194.6902655,328.8053158,332.9646018,443.8495636
2309730887_679982656d.jpg,500,375,Tennis Ball,243.2692308,69.23076923,495.1923077,318.2692308
232672759_730d6b8c03.jpg,332,500,Tennis Ball,291.2114286,184.6590909,318.72,218.75
2331841580_0de0afb266.jpg,500,400,Tennis Ball,15,182.2400055,177,377.2400055
2331841580_0de0afb266.jpg,500,400,Tennis Ball,55,195.2400055,259,398.2400055
2331841580_0de0afb266.jpg,500,400,Tennis Ball,241,186.2299995,493,388.2299995
233735821_7315095dcf.jpg,500,375,Tennis Ball,101,179.2400055,256,317.2400055
233735821_7315095dcf.jpg,500,375,Tennis Ball,123,101.2400055,269,227.2400055
233735821_7315095dcf.jpg,500,375,Tennis Ball,131,0.240005493,269,121.2400055
233948055_be12864336.jpg,500,375,Tennis Ball,169.0340909,290.4829545,215.1988636,346.5909091
2353900142_cd20091ccf.jpg,500,375,Tennis Ball,223.880597,37.36413043,429.4436906,235.0543478
2366493221_58176c2037.jpg,500,364,Tennis Ball,360,59.24000549,495,258.2400055
2366493221_58176c2037.jpg,500,364,Tennis Ball,92,205.2400055,177,281.2400055
2366493221_58176c2037.jpg,500,364,Tennis Ball,47,0.240005493,235,93.24000549
2376915416_4c2d3c3bda.jpg,500,332,Tennis Ball,181.9960861,115.7984715,297.4559687,242.1347546
2378123205_251cb2e853.jpg,500,382,Tennis Ball,303,28.89999962,495,229.8999996
2380187091_1bd2b3cc01.jpg,342,500,Tennis Ball,188,193.2262217,215.8560172,218.7609042
2380187091_1bd2b3cc01.jpg,342,500,Tennis Ball,225.9151345,123.5861787,252.9973735,149.8946394
2380187091_1bd2b3cc01.jpg,342,500,Tennis Ball,256.0924865,72.51681386,283.9485037,99.59905281
2380188283_d2c8eecc9b.jpg,335,500,Tennis Ball,217.8052805,437.9424796,284.1419142,497.6769928
2381023982_b5912ba676.jpg,335,500,Tennis Ball,212.2772277,68.47345302,288.5643564,132.6327451
2381023982_b5912ba676.jpg,335,500,Tennis Ball,147.0462046,201.2168158,222.2277228,254.314161
2381023982_b5912ba676.jpg,335,500,Tennis Ball,76.28712871,384.8451344,144.8349835,449.0044265
2383790167_b465e905bf.jpg,432,500,Tennis Ball,320.2105263,125,342,142.9924242
238573964_98515abb9a.jpg,500,368,Tennis Ball,192,147.2400055,318,257.2400055
2386330304_0bb3b0fe79.jpg,500,334,Tennis Ball,71.8503937,122.407557,266.7322835,324.3839582
2386330304_0bb3b0fe79.jpg,500,334,Tennis Ball,6.88976378,133.2453151,125.984252,276.1066721
2386330304_0bb3b0fe79.jpg,500,334,Tennis Ball,323.8188976,145.068324,406.496063,229.7998874
2386330304_0bb3b0fe79.jpg,500,334,Tennis Ball,288.3858268,147.0388255,345.4724409,210.0948727
2386330304_0bb3b0fe79.jpg,500,334,Tennis Ball,263.7795276,151.9650792,304.1338583,192.3603594
2386330304_0bb3b0fe79.jpg,500,334,Tennis Ball,414.3700787,154.9208314,446.8503937,194.3308609
2386330304_0bb3b0fe79.jpg,500,334,Tennis Ball,466.5354331,161.8175865,494.0944882,186.448855
2391246078_f8464a6bc9.jpg,375,500,Tennis Ball,58.71212121,316.2878788,107.9545455,363.6363636
2391246078_f8464a6bc9.jpg,375,500,Tennis Ball,10.41666667,417.6136364,66.28787879,467.8030303
2391246078_f8464a6bc9.jpg,375,500,Tennis Ball,206.4393939,189.3939394,242.4242424,232.9545455
2391246078_f8464a6bc9.jpg,375,500,Tennis Ball,255.6818182,194.1287879,289.7727273,233.9015152
2391246078_f8464a6bc9.jpg,375,500,Tennis Ball,208.3333333,236.7424242,248.1060606,275.5681818
2391246078_f8464a6bc9.jpg,375,500,Tennis Ball,259.469697,236.7424242,300.1893939,275.5681818
2391422019_b5fc2f8212.jpg,500,342,Tennis Ball,256,181.2400055,330,249.2400055
2391689668_c4c0ab9efc.jpg,500,333,Tennis Ball,219.0569745,170.1738107,350.6876228,302.7844302
2391689668_c4c0ab9efc.jpg,500,333,Tennis Ball,129.6660118,142.6693859,254.4204322,264.4746957
2391689668_c4c0ab9efc.jpg,500,333,Tennis Ball,24.55795678,172.1384125,142.4361493,297.8729257
2391887736_7768ca6271.jpg,500,331,Tennis Ball,100.7194245,34.17934783,250,179.2916667
2392625274_b4bdf19399.jpg,500,375,Tennis Ball,166.9034091,191.7613636,210.9375,230.8238636
2400320742_d72957f9e3.jpg,500,369,Tennis Ball,95.8041958,4.892045455,305.5944056,216.6477273
2400320742_d72957f9e3.jpg,500,369,Tennis Ball,204.1958042,178.9090909,391.6083916,368.3011364
2400320742_d72957f9e3.jpg,500,369,Tennis Ball,0.699300699,132.0852273,161.5384615,332.6590909
2400320742_d72957f9e3.jpg,500,369,Tennis Ball,263.6363636,0.698863636,439.1608392,146.0625
2400320742_d72957f9e3.jpg,500,369,Tennis Ball,358.041958,134.8806818,499.3006993,329.1647727
2405816725_e58337dae7.jpg,500,375,Tennis Ball,1.420454545,0,331.6761364,299.0056818
2411055617_c2cd411d6b.jpg,500,437,Tennis Ball,203.3227848,49.875,492.0886076,343.5833333
2414997590_9347e093bf.jpg,500,375,Tennis Ball,10.57692308,5.769230769,443.2692308,367.3076923
2415268705_7c3897ec85.jpg,500,208,Tennis Ball,311.6564417,149.44708,367.4846626,204.0547497
2415339853_4abcb9e507.jpg,500,375,Tennis Ball,63.46153846,82.69230769,87.5,112.5
2415339853_4abcb9e507.jpg,500,375,Tennis Ball,34.61538462,34.61538462,57.69230769,57.69230769
2415339853_4abcb9e507.jpg,500,375,Tennis Ball,37.5,4.807692308,54.80769231,23.07692308
2415339853_4abcb9e507.jpg,500,375,Tennis Ball,76.92307692,0,98.07692308,10.57692308
2415339853_4abcb9e507.jpg,500,375,Tennis Ball,79.80769231,247.1153846,106.7307692,275.9615385
2415339853_4abcb9e507.jpg,500,375,Tennis Ball,193.2692308,269.2307692,222.1153846,301.9230769
2415339853_4abcb9e507.jpg,500,375,Tennis Ball,262.5,318.2692308,293.2692308,351.9230769
2418973407_02df9a691e.jpg,500,333,Tennis Ball,91.07358263,34.38586957,375.1507841,321.5380435
2429253407_2abfd3ea32.jpg,500,333,Tennis Ball,164.957265,235.6615385,197.4358974,268.9615385
2440957551_33cd361b69.jpg,500,335,Tennis Ball,70.43147208,89.46022727,192.2588832,206.8371212
2441786810_fe9d4746a7.jpg,500,335,Tennis Ball,115.1202749,103.0769231,214.7766323,201.8589744
2441787958_2ae5335f4b.jpg,500,334,Tennis Ball,230.3082192,48.81538462,357.0205479,167
2441895487_ac9e12cf21.jpg,500,333,Tennis Ball,161.1001965,32.65168681,393.9096267,248.7578815
2447781305_331eba4be4.jpg,500,468,Tennis Ball,172.8778468,101.3654883,377.8467909,287.7371697
2450415523_d7fa529803.jpg,500,333,Tennis Ball,42.82267793,34.38586957,135.1025332,124.2717391
2466503428_077537fe91.jpg,500,357,Tennis Ball,130.03663,295.6692308,166.6666667,328.6230769
2470490055_5fd72e591f.jpg,500,333,Tennis Ball,306.3932449,134.5271739,463.2086852,281.1195652
2471485687_c0c1134fb4.jpg,375,500,Tennis Ball,64.39393939,314.3939394,190.3409091,427.0833333
2490572917_f218a1884d.jpg,500,264,Tennis Ball,97.35202492,128.6824822,228.1931464,257.9568184
2496582426_fa58a0682a.jpg,500,335,Tennis Ball,88.83248731,33.62689394,238.5786802,167.5
2496582426_fa58a0682a.jpg,500,335,Tennis Ball,230.964467,116.7424242,446.7005076,308.9867424
2497647438_748136e1d5.jpg,500,431,Tennis Ball,86,266.2400055,273,419.2400055
2508829749_06a7e4ac46.jpg,500,375,Tennis Ball,162.8222524,95.78804348,328.358209,256.7934783
2512901387_d98eb0447e.jpg,500,375,Tennis Ball,183,25.24000549,283,117.2400055
2521394354_8c33342761.jpg,500,335,Tennis Ball,118.0203046,50.12310606,394.6700508,287.4147727
2530522476_fe1e6d2509.jpg,334,500,Tennis Ball,40.9205298,73.63938125,180.2715232,224.0818591
2530522476_fe1e6d2509.jpg,334,500,Tennis Ball,67.46357616,115.6747795,228.9337748,292.6659299
2530522476_fe1e6d2509.jpg,334,500,Tennis Ball,111.7019868,173.1969034,283.7396361,378.9491158
2530522476_fe1e6d2509.jpg,334,500,Tennis Ball,179.5950445,253.5803842,330.7429474,452.6954284
2546434145_e1cb098fdb.jpg,500,288,Tennis Ball,148.4716157,68.72727273,332.4235808,228.5454545
2546722449_a6845b65b0.jpg,500,500,Tennis Ball,5.530973451,5.796466254,498.8938053,498.0531034
2546722921_d92a5d2fab.jpg,500,500,Tennis Ball,3.318584071,3.584076873,494.8377581,455.5254461
254857277_3aa85049fe.jpg,500,465,Tennis Ball,175,328,286,434
2552488009_23ea144935.jpg,500,332,Tennis Ball,46.9667319,106.9843122,272.9941292,322.4415393
2552488009_23ea144935.jpg,500,332,Tennis Ball,79.25636008,17.86336821,290.6066536,191.208501
2552488009_23ea144935.jpg,500,332,Tennis Ball,229.9412916,26.6775275,454.0117417,284.246849
257995613_36e4eb273f.jpg,500,374,Tennis Ball,329,274.2400055,403,346.2400055
2582705328_aa4a0d6090.jpg,500,375,Tennis Ball,132.1022727,134.2329545,186.0795455,188.2102273
258733750_609f17c4b8.jpg,500,325,Tennis Ball,45.97701149,32.82596397,226.0536398,210.185846
2588965410_3d1c24dd8d.jpg,500,333,Tennis Ball,155.2062868,210.1141608,307.4656189,327.990267
258972006_9ececff94f.jpg,500,375,Tennis Ball,164,78.24000549,379,299.2400055
2600671914_0d0d38c891.jpg,400,500,Tennis Ball,175.6906077,150.7079707,235.359116,213.761068
2604222617_bef4ef01c7.jpg,500,333,Tennis Ball,279.9607073,96.50124433,445.9724951,256.6162886
2608645392_eab63dc469.jpg,500,379,Tennis Ball,351.1659808,155.1702899,410.1508916,214.9039855
2612813870_28069d38e6.jpg,500,375,Tennis Ball,281.9602273,224.4318182,394.8863636,342.3295455
2617131382_79b5aa9bab.jpg,500,500,Tennis Ball,53.97727273,1.893939394,154.3560606,76.70454545
2617131382_79b5aa9bab.jpg,500,500,Tennis Ball,162.8787879,0,264.2045455,69.12878788
2617131382_79b5aa9bab.jpg,500,500,Tennis Ball,295.4545455,0.946969697,393.9393939,84.28030303
2617131382_79b5aa9bab.jpg,500,500,Tennis Ball,219.6969697,33.14393939,316.2878788,140.1515152
2617131382_79b5aa9bab.jpg,500,500,Tennis Ball,363.6363636,49.24242424,457.3863636,150.5681818
2617131382_79b5aa9bab.jpg,500,500,Tennis Ball,52.08333333,103.219697,150.5681818,206.4393939
2617131382_79b5aa9bab.jpg,500,500,Tennis Ball,137.3106061,75.75757576,232.9545455,179.9242424
2617131382_79b5aa9bab.jpg,500,500,Tennis Ball,286.9318182,95.64393939,386.3636364,191.2878788
2617131382_79b5aa9bab.jpg,500,500,Tennis Ball,366.4772727,141.0984848,467.8030303,234.8484848
2617131382_79b5aa9bab.jpg,500,500,Tennis Ball,204.5454545,139.2045455,307.7651515,236.7424242
2617131382_79b5aa9bab.jpg,500,500,Tennis Ball,122.1590909,174.2424242,223.4848485,273.6742424
2617131382_79b5aa9bab.jpg,500,500,Tennis Ball,35.98484848,194.1287879,136.3636364,292.6136364
2617131382_79b5aa9bab.jpg,500,500,Tennis Ball,280.3030303,190.3409091,381.6287879,284.0909091
2617131382_79b5aa9bab.jpg,500,500,Tennis Ball,365.530303,234.8484848,465.9090909,327.6515152
2617131382_79b5aa9bab.jpg,500,500,Tennis Ball,134.469697,267.0454545,237.6893939,374.0530303
2617131382_79b5aa9bab.jpg,500,500,Tennis Ball,235.7954545,258.5227273,330.4924242,356.0606061
2617131382_79b5aa9bab.jpg,500,500,Tennis Ball,346.5909091,326.7045455,445.0757576,416.6666667
2617131382_79b5aa9bab.jpg,500,500,Tennis Ball,43.56060606,286.9318182,138.2575758,380.6818182
2617131382_79b5aa9bab.jpg,500,500,Tennis Ball,12.31060606,372.1590909,114.5833333,473.4848485
2617131382_79b5aa9bab.jpg,500,500,Tennis Ball,136.3636364,364.5833333,233.9015152,463.0681818
2617131382_79b5aa9bab.jpg,500,500,Tennis Ball,232.0075758,356.0606061,328.5984848,456.4393939
2617131382_79b5aa9bab.jpg,500,500,Tennis Ball,305.8712121,401.5151515,403.4090909,497.1590909
2617915378_08934bf250.jpg,500,280,Tennis Ball,124.5874587,72.05664171,240.0990099,175.3014795
2618331357_c8aa683618.jpg,500,375,Tennis Ball,50.96153846,214.4230769,197.1153846,353.8461538
2621081790_23e78de8f4.jpg,500,413,Tennis Ball,69,10.24000549,477,408.2400055
2621485352_f5d9597b41.jpg,500,273,Tennis Ball,192.687747,169.1413043,206.5217391,178.0434783
2635070730_b45e25b7c9.jpg,500,375,Tennis Ball,49,3.240005493,439,364.2400055
2635378390_dd292d9ba5.jpg,500,333,Tennis Ball,320.2357564,97.48354522,477.4066798,265.4569965
2640933808_ef50458292.jpg,386,500,Tennis Ball,240.0057307,359.7787671,355.0315186,463.761068
2659459633_8aa72e33c3.jpg,500,489,Tennis Ball,219.4690265,54.03804348,269.9115044,100.1032609
2659459633_8aa72e33c3.jpg,500,489,Tennis Ball,193.8053097,85.04347826,244.2477876,135.5380435
2659459633_8aa72e33c3.jpg,500,489,Tennis Ball,250.4424779,85.04347826,299.1150442,135.5380435
2659459633_8aa72e33c3.jpg,500,489,Tennis Ball,164.6017699,114.2771739,223.0088496,165.6576087
2659459633_8aa72e33c3.jpg,500,489,Tennis Ball,41.59292035,329.5434783,100,386.2391304
2659459633_8aa72e33c3.jpg,500,489,Tennis Ball,400,339.2880435,458.4070796,396.8695652
2659459633_8aa72e33c3.jpg,500,489,Tennis Ball,340.7079646,333.9728261,396.460177,390.6684783
2659459633_8aa72e33c3.jpg,500,489,Tennis Ball,270.7964602,339.2880435,330.9734513,395.0978261
2659459633_8aa72e33c3.jpg,500,489,Tennis Ball,167.2566372,327.7717391,223.8938053,383.5815217
2659459633_8aa72e33c3.jpg,500,489,Tennis Ball,127.4336283,261.3315217,185.840708,315.3695652
2659459633_8aa72e33c3.jpg,500,489,Tennis Ball,306.1946903,259.5597826,364.6017699,318.0271739
2659459633_8aa72e33c3.jpg,500,489,Tennis Ball,220.3539823,306.5108696,280.5309735,362.3206522
2659459633_8aa72e33c3.jpg,500,489,Tennis Ball,222.1238938,198.4347826,279.6460177,253.3586957
2659459633_8aa72e33c3.jpg,500,489,Tennis Ball,308.8495575,168.3152174,366.3716814,222.3532609
2659459633_8aa72e33c3.jpg,500,489,Tennis Ball,138.9380531,162.1141304,194.6902655,209.0652174
2659459633_8aa72e33c3.jpg,500,489,Tennis Ball,99.11504425,313.5978261,159.2920354,369.4076087
2659459633_8aa72e33c3.jpg,500,489,Tennis Ball,253.9823009,271.076087,314.159292,325.1141304
2659459633_8aa72e33c3.jpg,500,489,Tennis Ball,361.0619469,286.1358696,420.3539823,341.0597826
2659459633_8aa72e33c3.jpg,500,489,Tennis Ball,282.300885,202.8641304,340.7079646,259.5597826
2659459633_8aa72e33c3.jpg,500,489,Tennis Ball,249.5575221,160.3423913,302.6548673,210.8369565
2659459633_8aa72e33c3.jpg,500,489,Tennis Ball,217.699115,113.3913043,274.3362832,163
2659459633_8aa72e33c3.jpg,500,489,Tennis Ball,274.3362832,125.7934783,328.3185841,170.0869565
2659459633_8aa72e33c3.jpg,500,489,Tennis Ball,193.8053097,147.0543478,252.2123894,200.2065217
2659459633_8aa72e33c3.jpg,500,489,Tennis Ball,163.7168142,193.1195652,226.5486726,248.9293478
2659459633_8aa72e33c3.jpg,500,489,Tennis Ball,102.6548673,217.0380435,160.1769912,267.5326087
2659459633_8aa72e33c3.jpg,500,489,Tennis Ball,71.68141593,267.5326087,132.7433628,322.4565217
2659459633_8aa72e33c3.jpg,500,489,Tennis Ball,187.6106195,250.701087,245.1327434,305.625
2659459633_8aa72e33c3.jpg,500,489,Tennis Ball,333.6283186,222.3532609,393.8053097,273.7336957
2659459661_995860eb5c.jpg,500,416,Tennis Ball,27,220.2400055,92,281.2400055
2659459661_995860eb5c.jpg,500,416,Tennis Ball,88,215.2400055,141,277.2400055
2659459661_995860eb5c.jpg,500,416,Tennis Ball,160,220.2400055,218,281.2400055
2659459661_995860eb5c.jpg,500,416,Tennis Ball,217,195.2400055,275,253.2400055
2659459661_995860eb5c.jpg,500,416,Tennis Ball,270,237.2400055,329,289.2400055
2659459661_995860eb5c.jpg,500,416,Tennis Ball,349,227.2400055,416,281.2400055
2659459661_995860eb5c.jpg,500,416,Tennis Ball,406,248.2400055,466,308.2400055
2672927834_c28561212a.jpg,375,500,Tennis Ball,64.15929204,297.8318645,282.079646,496.9469087
2675801538_a747c24c28.jpg,428,500,Tennis Ball,54.19121447,201.9579653,112.8062016,263.904868
2679819451_4005213eb3.jpg,375,500,Tennis Ball,71.90265487,344.2920415,180.3097345,435.0000061
2713492066_39e34a98ce.jpg,500,344,Tennis Ball,58.01825293,84.04545455,275.7496741,291.8787879
2717440156_37e8461603.jpg,375,500,Tennis Ball,99.55752212,282.3451388,165.9292035,354.2477937
2717440156_37e8461603.jpg,375,500,Tennis Ball,110.619469,316.6371742,189.159292,395.1769972
2717440156_37e8461603.jpg,375,500,Tennis Ball,47.56637168,334.3362893,137.1681416,428.3628379
2717440156_37e8461603.jpg,375,500,Tennis Ball,140.4867257,375.2654928,230.0884956,472.6106255
2717440156_37e8461603.jpg,375,500,Tennis Ball,212.3893805,354.2477937,309.7345133,450.4867317
274175439_6a08c51b88.jpg,500,313,Tennis Ball,65.49815498,224.5844299,107.9335793,251.3602411
2747952094_5a3214217d.jpg,279,500,Tennis Ball,48,198,86,237
2747952094_5a3214217d.jpg,279,500,Tennis Ball,125,253,163,292
2747952094_5a3214217d.jpg,279,500,Tennis Ball,207,233,242,267
2747952094_5a3214217d.jpg,279,500,Tennis Ball,42,347,80,384
2747952094_5a3214217d.jpg,279,500,Tennis Ball,163,430,206,472
2758706840_3f39e1434a.jpg,500,333,Tennis Ball,177.7996071,58.19150982,366.4047151,242.8640762
2759521512_f18ba44cb6.jpg,375,500,Tennis Ball,77.43362832,311.1062008,120.5752212,357.5663778
2765629246_6f2d90aa66.jpg,338,500,Tennis Ball,82.3697479,129.7348485,154.32493,200.7575758
2765880210_456cf59a7a.jpg,500,500,Tennis Ball,155,174,475,497
2791630384_e4229a2432.jpg,500,325,Tennis Ball,249.1666667,55.83333333,498.3333333,322.5
2792028770_22c6886f53.jpg,500,415,Tennis Ball,115,179.2400055,281,331.2400055
2793189022_b2e472d409.jpg,500,336,Tennis Ball,194.2675159,130.4545455,303.8216561,243.7272727
2799377665_2be514bd41.jpg,500,433,Tennis Ball,125.6157635,20.50189394,435.1395731,323.9299242
2801067973_835ae924a0.jpg,500,222,Tennis Ball,205.4973822,104.9359328,303.0104712,206.4403576
2805711791_2bf36cd1ae.jpg,500,333,Tennis Ball,201.4475271,47.05434783,446.9240048,284.1358696
2805711791_2bf36cd1ae.jpg,500,333,Tennis Ball,356.4535585,42.83152174,495.7780458,173.7391304
2805711791_2bf36cd1ae.jpg,500,333,Tennis Ball,56.09167672,36.79891304,230.39807,209.9347826
2805711791_2bf36cd1ae.jpg,500,333,Tennis Ball,0.603136309,35.5923913,80.21712907,217.7771739
2824505385_64600fbcdf.jpg,500,333,Tennis Ball,101.2121945,48.7119104,390.0286843,325.6984768
2832831879_ccf67b32e9.jpg,375,500,Tennis Ball,90,271,256,434
2832831879_ccf67b32e9.jpg,375,500,Tennis Ball,171,194,290,308
2832831879_ccf67b32e9.jpg,375,500,Tennis Ball,260,262,374,393
2832831879_ccf67b32e9.jpg,375,500,Tennis Ball,17,82,113,184
2832831879_ccf67b32e9.jpg,375,500,Tennis Ball,136,102,228,190
2832831879_ccf67b32e9.jpg,375,500,Tennis Ball,206,75,305,163
2832831879_ccf67b32e9.jpg,375,500,Tennis Ball,64,32,156,125
2832831879_ccf67b32e9.jpg,375,500,Tennis Ball,233,4,326,85
2832831879_ccf67b32e9.jpg,375,500,Tennis Ball,280,128,374,226
2850794182_a5333b2bf9.jpg,500,500,Tennis Ball,258.8495575,370.840714,432.5221239,494.7345194
2853880501_97ac025850.jpg,500,375,Tennis Ball,129,225.2400055,243,311.2400055
2856748715_798b1f5492.jpg,500,374,Tennis Ball,262,185.2400055,331,259.2400055
2856932836_ce37cbde1e.jpg,500,375,Tennis Ball,243.6079545,170.4545455,360.7954545,291.1931818
2856932836_ce37cbde1e.jpg,500,375,Tennis Ball,304.6875,104.4034091,416.9034091,210.9375
2856932836_ce37cbde1e.jpg,500,375,Tennis Ball,218.0397727,90.19886364,319.6022727,189.6306818
2856932836_ce37cbde1e.jpg,500,375,Tennis Ball,118.6079545,82.38636364,212.3579545,171.875
2856932836_ce37cbde1e.jpg,500,375,Tennis Ball,46.16477273,150.5681818,153.4090909,259.2329545
2856932836_ce37cbde1e.jpg,500,375,Tennis Ball,149.1477273,152.6988636,260.6534091,260.6534091
2857504282_663ceb822e.jpg,500,375,Tennis Ball,243.5549525,241.1684783,332.4287653,295.5163043
2862834036_66fd75c7dc.jpg,500,334,Tennis Ball,185.0393701,91.86478417,325.7874016,239.6523948
2866855968_7edee29172.jpg,500,333,Tennis Ball,25.25252525,44.14772727,128.7878788,129.9204545
2866857032_54be3707c4.jpg,500,333,Tennis Ball,242.632613,56.21708294,420.43222,205.5268175
2868623362_63e080d935.jpg,500,375,Tennis Ball,187.5,258.5227273,252.8409091,313.9204545
2870220633_1eb71253d8.jpg,500,375,Tennis Ball,80,5.240005493,470,363.2400055
2873227632_1bf7863941.jpg,500,375,Tennis Ball,270,209.2300034,457,367.2300034
2884075904_8f1b62f16b.jpg,500,333,Tennis Ball,120.8251473,107.3065541,319.2534381,304.7490319
2884075966_6c47a1ec42.jpg,500,333,Tennis Ball,115.530303,73.15909091,332.7020202,285.6988636
2891467915_43890a36d8.jpg,500,299,Tennis Ball,46.7372134,1.093692161,443.5626102,267.4594739
2896770217_b701616a23.jpg,335,500,Tennis Ball,75.18151815,255.7964663,215.5940594,375.2654928
2909531115_e7777a1424.jpg,207,291,Tennis Ball,124.2,166.9943182,157.32,203.9204545
2909531115_e7777a1424.jpg,207,291,Tennis Ball,98.808,162.0340909,129.168,195.1022727
2909531115_e7777a1424.jpg,207,291,Tennis Ball,67.344,147.1534091,99.912,181.875
2909531115_e7777a1424.jpg,207,291,Tennis Ball,51.336,130.6193182,83.904,162.5852273
2909531115_e7777a1424.jpg,207,291,Tennis Ball,112.608,45.19318182,138.552,66.6875
2924480526_9933898e25.jpg,500,333,Tennis Ball,268.172888,49.01681378,414.5383104,198.3265483
2925348942_e97e8c0ec9.jpg,332,500,Tennis Ball,195.88,71.79203498,255.64,135.951327
2925348942_e97e8c0ec9.jpg,332,500,Tennis Ball,30.98666667,429.0929199,61.97333333,457.8539819
2945516959_4c330061da.jpg,500,375,Tennis Ball,331,247.2400055,397,309.2400055
2945516959_4c330061da.jpg,500,375,Tennis Ball,368,239.2400055,435,303.2400055
2956310341_40d9848472.jpg,500,333,Tennis Ball,12.62626263,1.892045455,184.9747475,122.9829545
2956310341_40d9848472.jpg,500,333,Tennis Ball,200.7575758,0,343.4343434,90.81818182
2956310341_40d9848472.jpg,500,333,Tennis Ball,367.4242424,6.9375,498.7373737,153.2556818
2956310341_40d9848472.jpg,500,333,Tennis Ball,138.8888889,68.11363636,304.9242424,196.1420455
2956310341_40d9848472.jpg,500,333,Tennis Ball,306.8181818,130.5511364,472.2222222,304.6193182
2956310341_40d9848472.jpg,500,333,Tennis Ball,149.6212121,143.1647727,336.489899,317.2329545
2956310341_40d9848472.jpg,500,333,Tennis Ball,27.77777778,170.9147727,202.020202,326.0625
2957700038_350ed0a742.jpg,333,500,Tennis Ball,154.8837209,48.56194859,310.8737542,210.0663734
2963000636_c859465c76.jpg,500,375,Tennis Ball,263,122.5700006,337,204.5700006
2974165863_9313e849d0.jpg,500,335,Tennis Ball,59.01015228,157.3484848,205.5837563,303.9109848
2979090065_c627668eca.jpg,500,333,Tennis Ball,315.324165,45.42159832,495.0884086,276.2623063
2979090065_c627668eca.jpg,500,333,Tennis Ball,348.7229862,254.6516868,498.0353635,330.288855
2979090065_c627668eca.jpg,500,333,Tennis Ball,79.56777996,235.0056691,308.4479371,332.2534567
2979090065_c627668eca.jpg,500,333,Tennis Ball,166.0117878,118.1118638,332.0235756,287.067616
2979090065_c627668eca.jpg,500,333,Tennis Ball,12.77013752,8.094164688,226.9155206,225.1826603
2979090065_c627668eca.jpg,500,333,Tennis Ball,1.964636542,128.9171735,66.79764244,291.9791204
2979090065_c627668eca.jpg,500,333,Tennis Ball,1.964636542,284.1207134,59.92141454,330.288855
2979090065_c627668eca.jpg,500,333,Tennis Ball,171.9056974,0.235757608,384.086444,118.1118638
2979090065_c627668eca.jpg,500,333,Tennis Ball,389.9803536,3.182660263,498.0353635,56.22690805
2979383334_3f401c0a51.jpg,375,500,Tennis Ball,159.4202899,105.0724638,273.5507246,216.4855072
298525854_c3e4795120.jpg,500,333,Tennis Ball,59.97474747,117.3068182,200.1262626,239.0284091
300481292_23292f6e7b.jpg,500,333,Tennis Ball,50.09823183,97.48354522,203.3398821,255.6339877
3013966947_b9912402a9.jpg,333,500,Tennis Ball,164,407,230,475
3018625104_d514ed5f6e.jpg,500,420,Tennis Ball,192.6751592,256.1363636,242.0382166,302.2727273
3023629399_c0dce6249c.jpg,500,375,Tennis Ball,186.0795455,263.4943182,322.4431818,362.2159091
3026810641_c40cf5e321.jpg,500,333,Tennis Ball,87.42632613,132.8463771,234.7740668,276.2623063
3059281875_44dd9e6b34.jpg,500,375,Tennis Ball,139,52.24000549,417,329.2400055
3062803514_74c42ded90.jpg,333,500,Tennis Ball,71.15384615,312.5,212.5128205,460.2272727
3063311615_aceb3ddb40.jpg,500,333,Tennis Ball,164.0471513,164.2701803,226.9155206,211.4206228
3063331325_808af0b4b9.jpg,500,333,Tennis Ball,385.7323232,171.5454545,409.7222222,194.8806818
3063351411_a6b0ff04d4.jpg,500,333,Tennis Ball,289.78389,110.2534567,339.8821218,158.3862001
3064126788_f739b6b346.jpg,375,500,Tennis Ball,132.5757576,315.3409091,189.3939394,366.4772727
3064138544_b044262511.jpg,500,333,Tennis Ball,91.54040404,15.76704545,371.8434343,291.375
3064154182_77dc61533d.jpg,500,333,Tennis Ball,287.8192534,94.20265449,345.7760314,149.2115041
3064175934_e8c173feb2.jpg,500,333,Tennis Ball,252.4557957,193.7392068,340.8644401,266.4294723
3064194966_6ba14c6542.jpg,333,500,Tennis Ball,151.5647841,288.982307,279.89701,411.7699176
3067476854_8f130ac312.jpg,387,500,Tennis Ball,53.07428571,92.07965209,264.2657143,295.6194751
3067476854_8f130ac312.jpg,387,500,Tennis Ball,82.92857143,374.1592981,241.0457143,492.52213
3070101638_3c7f825df4.jpg,500,375,Tennis Ball,284.8011364,308.2386364,316.0511364,341.6193182
3070101638_3c7f825df4.jpg,500,375,Tennis Ball,241.4772727,322.4431818,262.7840909,344.4602273
3070101638_3c7f825df4.jpg,500,375,Tennis Ball,237.9261364,264.2045455,270.5965909,293.3238636
3070101638_3c7f825df4.jpg,500,375,Tennis Ball,237.2159091,293.3238636,264.2045455,323.1534091
3070101638_3c7f825df4.jpg,500,375,Tennis Ball,262.0738636,327.4147727,284.8011364,352.9829545
3070101638_3c7f825df4.jpg,500,375,Tennis Ball,286.9318182,337.3579545,318.1818182,365.0568182
3070101638_3c7f825df4.jpg,500,375,Tennis Ball,284.8011364,243.6079545,312.5,273.4375
3070101638_3c7f825df4.jpg,500,375,Tennis Ball,258.5227273,298.2954545,289.0625,328.125
3070101638_3c7f825df4.jpg,500,375,Tennis Ball,283.3806818,276.9886364,310.3693182,311.0795455
3070101638_3c7f825df4.jpg,500,375,Tennis Ball,265.625,259.2329545,287.6420455,280.5397727
3070101638_3c7f825df4.jpg,500,375,Tennis Ball,264.9147727,281.25,286.9318182,299.0056818
3070101638_3c7f825df4.jpg,500,375,Tennis Ball,311.0795455,279.8295455,340.9090909,311.7897727
3070101638_3c7f825df4.jpg,500,375,Tennis Ball,314.6306818,311.7897727,343.0397727,345.1704545
3070101638_3c7f825df4.jpg,500,375,Tennis Ball,313.2102273,243.6079545,335.2272727,268.4659091
3070101638_3c7f825df4.jpg,500,375,Tennis Ball,352.2727273,270.5965909,379.2613636,296.875
3070101638_3c7f825df4.jpg,500,375,Tennis Ball,309.6590909,261.3636364,331.6761364,291.9034091
307200818_ca1a6fc0e7.jpg,375,500,Tennis Ball,151.5486726,266.8584132,237.8318584,352.0354043
3079968748_cb100a3bc6.jpg,334,500,Tennis Ball,26.56818182,150.5681818,313.125,439.3939394
3086941072_a2e4aebd02.jpg,500,333,Tennis Ball,276.0314342,110.2436316,348.7229862,189.8100033
3121992837_dec0b8d1db.jpg,500,333,Tennis Ball,75.21367521,217.7307692,134.1880342,270.6692308
3124831721_bc5b676cd4.jpg,500,333,Tennis Ball,169.9410609,132.836552,320.2357564,282.1462865
3128564509_d45af557e6.jpg,357,500,Tennis Ball,197.8421053,55.57522732,224.3684211,83.23009457
3131812614_796a7e177f.jpg,333,500,Tennis Ball,126.6847826,242.7536232,249.75,363.2246377
313260254_ac8c4a71e5.jpg,500,333,Tennis Ball,175.5050505,99.01704545,305.5555556,230.1988636
3137439274_28f5de2151.jpg,500,375,Tennis Ball,144,69.24000549,362,279.2400055
3137989765_c87ab2ffab.jpg,500,334,Tennis Ball,130.3797468,219.5037879,228.4810127,317.5530303
314897742_09624ae8ee.jpg,500,336,Tennis Ball,226.8856448,57.2173913,411.8004866,247.7391304
314897783_6463f29b57.jpg,500,333,Tennis Ball,52.47285887,124.875,160.4342581,232.8586957
3156225084_7ea13aa50d.jpg,396,500,Tennis Ball,89,124,177,197
3160039361_3995c9afe8.jpg,500,357,Tennis Ball,194.8579161,196.7556818,236.1299053,230.5625
3160039361_3995c9afe8.jpg,500,357,Tennis Ball,242.8958051,238,304.4654939,278.5681818
3160039361_3995c9afe8.jpg,500,357,Tennis Ball,305.8186739,230.5625,351.826793,270.4545455
3164306193_1dd6431d32.jpg,333,500,Tennis Ball,47.43589744,219.6969697,144.2051282,304.9242424
3166367292_07187d27dd.jpg,500,345,Tennis Ball,153,78.24000549,373,297.2400055
3167835465_c418238418.jpg,334,500,Tennis Ball,161.3068182,401.5151515,227.7272727,458.3333333
3183943071_635a66b2f7.jpg,400,500,Tennis Ball,173.7556561,382.2463768,276.9230769,475.5434783
3195537092_8cd01c09a2.jpg,500,375,Tennis Ball,198.7788331,75.4076087,388.0597015,258.1521739
3202590801_fe86c57a08.jpg,403,500,Tennis Ball,217.509589,304.4579683,389.7506849,481.4491188
3203520155_e5391b2535.jpg,500,375,Tennis Ball,279.8295455,246.4488636,413.3522727,369.3181818
3207779083_a7db8e2064.jpg,500,332,Tennis Ball,136.0078278,115.7984715,222.1135029,193.167203
3208814732_4cb3fe244e.jpg,375,500,Tennis Ball,98.45132743,103.141599,174.7787611,163.982307
3239746987_2cf3cbc5b5.jpg,500,333,Tennis Ball,30.76923077,1.707692308,478.6324786,331.2923077
3244489665_7fe6202b6d.jpg,500,375,Tennis Ball,47,41.24000549,290,283.2400055
3255620739_9d07b2d850.jpg,500,332,Tennis Ball,192.4528302,36.46969697,361.6352201,201.8409091
3261372064_fe36a706fb.jpg,500,343,Tennis Ball,218,284.2400055,301,336.2400055
3267461770_c76ccbeb3d.jpg,500,375,Tennis Ball,357,177.2400055,414,226.2400055
3267461770_c76ccbeb3d.jpg,500,375,Tennis Ball,289,103.2400055,335,155.2400055
3267461770_c76ccbeb3d.jpg,500,375,Tennis Ball,324,106.2400055,359,153.2400055
3267461770_c76ccbeb3d.jpg,500,375,Tennis Ball,351,112.2400055,391,147.2400055
3267461770_c76ccbeb3d.jpg,500,375,Tennis Ball,381,110.2400055,419,149.2400055
3267461770_c76ccbeb3d.jpg,500,375,Tennis Ball,409,115.2400055,447,151.2400055
3267461770_c76ccbeb3d.jpg,500,375,Tennis Ball,351,131.2400055,401,160.2400055
3267461770_c76ccbeb3d.jpg,500,375,Tennis Ball,356,151.2400055,411,188.2400055
3270536475_c0635fb70e.jpg,500,333,Tennis Ball,189.5874263,269.0522139,294.6954813,331.9194705
32732835_b654fc96e1.jpg,500,375,Tennis Ball,72,81.90000153,321,329.9000015
3276409978_4bec275287.jpg,500,346,Tennis Ball,33,17.24000549,361,335.2400055
3288525915_b40b79b125.jpg,500,500,Tennis Ball,228.9823009,250.2544285,339.6017699,335.4314196
3290281468_13c0fc2e3b.jpg,500,332,Tennis Ball,93.9334638,50.82832008,365.9491194,278.0377596
3294445268_d489bc0d47.jpg,500,333,Tennis Ball,262.2789784,67.03221779,423.3791749,236.9702709
3322747303_e652fc3a18.jpg,500,375,Tennis Ball,120.7598372,117.5271739,265.9430122,249.3206522
3334929459_d3c9d54d48.jpg,375,500,Tennis Ball,118.3628319,201.2168158,246.6814159,328.4292052
3342784993_b2726c5ede.jpg,337,337,Tennis Ball,70.58112094,40.00260133,293.259587,282.5630733
3345519803_c20137618a.jpg,500,333,Tennis Ball,79.56777996,0.235757608,474.459725,328.3242532
3358351331_379fe5ced7.jpg,331,500,Tennis Ball,22.14046823,169.5132804,162.7324415,308.8938114
3366159059_03f96ff525.jpg,318,500,Tennis Ball,51.89583333,373.0531034,146.8541667,465.9734574
3373770363_e2cd4b2c92.jpg,500,333,Tennis Ball,236.7387033,132.8463771,300.589391,201.607439
337501157_3cd88e0b18.jpg,500,333,Tennis Ball,271.4646465,179.7443182,306.8181818,204.3409091
338952945_238d74e16c.jpg,500,375,Tennis Ball,46.875,14.20454545,398.4375,355.8238636
3390435522_aa94666f96.jpg,500,372,Tennis Ball,111,237.2400055,278,367.2400055
347260641_7dd2e6e13f.jpg,375,500,Tennis Ball,7.743362832,256.9026609,370.5752212,496.9469087
347485296_9706179da7.jpg,500,331,Tennis Ball,159.1796875,212.1133977,296.875,325.3759346
353282545_76c79c7660.jpg,400,500,Tennis Ball,180.0904977,373.1884058,281.4479638,463.7681159
353282545_76c79c7660.jpg,400,500,Tennis Ball,176.4705882,349.6376812,263.3484163,428.442029
353282545_76c79c7660.jpg,400,500,Tennis Ball,214.479638,300.7246377,289.5927602,379.5289855
353282545_76c79c7660.jpg,400,500,Tennis Ball,141.1764706,316.1231884,219.0045249,394.0217391
353282545_76c79c7660.jpg,400,500,Tennis Ball,179.1855204,302.5362319,234.3891403,338.7681159
353282545_76c79c7660.jpg,400,500,Tennis Ball,125.7918552,310.6884058,180.0904977,349.6376812
353282545_76c79c7660.jpg,400,500,Tennis Ball,126.6968326,299.8188406,180.9954751,331.5217391
356621190_df30b7e0f8.jpg,500,334,Tennis Ball,235.4452055,116.4717949,276.5410959,163.574359
356621190_df30b7e0f8.jpg,500,334,Tennis Ball,269.6917808,115.6153846,313.3561644,160.1487179
365115986_ac9e166db2.jpg,375,500,Tennis Ball,257,353,320,415
37166944_d93a9396a1.jpg,500,375,Tennis Ball,213.7784091,170.4545455,282.6704545,209.5170455
377862695_c29b3d0fdd.jpg,500,375,Tennis Ball,226,29.90000153,361,195.9000015
377862706_314999e9a6.jpg,500,375,Tennis Ball,159,66.24000549,253,167.2400055
378371478_2125cf5fde.jpg,500,434,Tennis Ball,81.41447368,152.0643939,204.7697368,272.0719697
380551030_f34b04db26.jpg,500,500,Tennis Ball,48.91304348,74.27536232,434.7826087,428.442029
387696638_84c4533d8c.jpg,500,360,Tennis Ball,347,155.2400055,499,301.2400055
39388373_1843c46d0e.jpg,500,466,Tennis Ball,75,123,267,312
399418104_acf50a1038.jpg,500,375,Tennis Ball,185,131.2400055,459,371.2400055
40507465_06729ab439.jpg,333,500,Tennis Ball,144.9269103,100.9292096,225.6877076,175.0442539
40507465_06729ab439.jpg,333,500,Tennis Ball,53.10299003,359.7787671,139.3953488,435.0000061
40688920_858e87b925.jpg,375,500,Tennis Ball,47.56637168,339.8561984,120.5752212,405.1216851
40688920_858e87b925.jpg,375,500,Tennis Ball,66.37168142,373.0420391,141.5929204,448.263278
40688920_858e87b925.jpg,375,500,Tennis Ball,118.3628319,344.2809772,175.8849558,426.1393842
40688920_858e87b925.jpg,375,500,Tennis Ball,102.8761062,420.6084108,184.7345133,482.5553134
40688920_858e87b925.jpg,375,500,Tennis Ball,157.079646,382.9977913,228.9823009,462.643809
40688920_858e87b925.jpg,375,500,Tennis Ball,240.0442478,322.1570834,316.3716814,406.2278798
40688920_858e87b925.jpg,375,500,Tennis Ball,271.0176991,191.6261099,328.539823,253.5730126
40688920_858e87b925.jpg,375,500,Tennis Ball,306.4159292,140.7411542,368.3628319,193.8384993
40688920_858e87b925.jpg,375,500,Tennis Ball,217.920354,127.4668179,275.4424779,172.8208002
40688920_858e87b925.jpg,375,500,Tennis Ball,151.5486726,127.4668179,220.1327434,190.5199152
40688920_858e87b925.jpg,375,500,Tennis Ball,193.5840708,224.8119506,237.8318584,264.6349595
414791161_a66ea806b1.jpg,500,375,Tennis Ball,120,41.24000549,376,299.2400055
416752528_9e5146d6ff.jpg,330,500,Tennis Ball,91,312,246,469
42015069_c3aed0a2a2.jpg,500,376,Tennis Ball,40,92.24000549,271,323.2400055
42015212_30de89a586.jpg,500,376,Tennis Ball,147,30.24000549,244,123.2400055
42015212_30de89a586.jpg,500,376,Tennis Ball,122,72.24000549,177,145.2400055
42015212_30de89a586.jpg,500,376,Tennis Ball,135,101.2400055,215,189.2400055
42015212_30de89a586.jpg,500,376,Tennis Ball,203,88.24000549,285,179.2400055
42015212_30de89a586.jpg,500,376,Tennis Ball,240,147.2400055,315,217.2400055
42015212_30de89a586.jpg,500,376,Tennis Ball,272,191.2400055,346,274.2400055
42015212_30de89a586.jpg,500,376,Tennis Ball,186,162.2400055,257,242.2400055
42015212_30de89a586.jpg,500,376,Tennis Ball,220,209.2400055,295,293.2400055
42015212_30de89a586.jpg,500,376,Tennis Ball,154,226.2400055,238,308.2400055
42015212_30de89a586.jpg,500,376,Tennis Ball,111,168.2400055,197,268.2400055
42015212_30de89a586.jpg,500,376,Tennis Ball,101,117.2400055,152,181.2400055
42015212_30de89a586.jpg,500,376,Tennis Ball,85,244.2400055,172,338.2400055
42015212_30de89a586.jpg,500,376,Tennis Ball,79,214.2400055,129,275.2400055
42015212_30de89a586.jpg,500,376,Tennis Ball,67,177.2400055,72,185.2400055
42015212_30de89a586.jpg,500,376,Tennis Ball,67,181.2400055,125,239.2400055
42015212_30de89a586.jpg,500,376,Tennis Ball,67,151.2400055,118,208.2400055
4248.jpg,312,298,Tennis Ball,6.152112676,6.364370611,305.8478873,282.3879694
425592094_8a6775a87e.jpg,500,375,Tennis Ball,104.8076923,47.11538462,422.1153846,346.1538462
431840681_e63ec1b27c.jpg,333,500,Tennis Ball,1.106312292,2.466817873,241.1760797,269.0597382
431840681_e63ec1b27c.jpg,333,500,Tennis Ball,144.9269103,102.02434,333,340.9623931
431840681_e63ec1b27c.jpg,333,500,Tennis Ball,64.16611296,337.643809,331.8936877,496.9358444
439106363_fa9c892e32.jpg,339,500,Tennis Ball,22.08469055,269.0708025,261.7035831,490.3097406
440249261_85e7d197ca.jpg,500,375,Tennis Ball,142,65.24000549,331,212.2400055
44226358_d14e12432d.jpg,500,375,Tennis Ball,61.73677069,169.1576087,274.0841248,343.75
446363413_45621c7755.jpg,500,333,Tennis Ball,2.946954813,7.111863803,495.0884086,331.2711558
458738714_213756cb20.jpg,500,336,Tennis Ball,252.4752475,35.91929748,467.3267327,237.1228373
468791390_ee782ca4fc.jpg,500,432,Tennis Ball,370.8920188,311.4782609,453.0516432,383.4782609
475884-xs.jpg,340,228,Tennis Ball,65.84980237,22.35610989,261.3833992,198.5684993
479162523_1e3ed2fa7f.jpg,500,375,Tennis Ball,18,146.2400055,173,307.2400055
479722542_c337503ef9.jpg,500,333,Tennis Ball,104.7979798,122.9829545,223.4848485,259.8409091
490557981_07805ab667.jpg,500,375,Tennis Ball,91,54.57000065,371,328.5700006
49223267_eabe817015.jpg,500,375,Tennis Ball,1.420454545,183.2386364,192.4715909,372.8693182
50215543_9f801a71c6.jpg,500,372,Tennis Ball,93,180.2400055,211,313.2400055
508238572_86549b6607.jpg,375,500,Tennis Ball,144.8863636,77.65151515,288.8257576,218.75
53090941_ccf6ae8dc4.jpg,500,333,Tennis Ball,364.8974668,215.9673913,454.1616405,301.0271739
533918464_1288e85b4f.jpg,500,400,Tennis Ball,142.4242424,109.0909091,345.4545455,312.1212121
541428150_ab464ee941.jpg,500,375,Tennis Ball,103.1207598,200.4076087,177.7476255,275.1358696
541428160_4292ac0228.jpg,500,375,Tennis Ball,127.1306818,164.7727273,215.9090909,252.8409091
542733797_a0dc6cd574.jpg,500,375,Tennis Ball,213.7784091,204.5454545,303.2670455,293.3238636
548568221_ceafc5e1ed.jpg,500,375,Tennis Ball,228.6931818,183.9488636,286.9318182,232.9545455
548568221_ceafc5e1ed.jpg,500,375,Tennis Ball,281.25,155.5397727,306.1079545,197.4431818
548568221_ceafc5e1ed.jpg,500,375,Tennis Ball,174.0056818,192.4715909,228.6931818,226.5625
558217718_957dc4481c.jpg,375,500,Tennis Ball,128.3185841,352.0354043,238.9380531,463.761068
558546585_de856291f7.jpg,500,375,Tennis Ball,195.3867028,269.0217391,284.2605156,345.7880435
558546661_18c8b318ef.jpg,500,375,Tennis Ball,338,207.2400055,457,319.2400055
558546745_464b696f6b.jpg,500,375,Tennis Ball,318,240.5700006,437,373.5700006
58670980_17773d4a53.jpg,500,500,Tennis Ball,8.849557522,9.115050324,496.6814159,496.9469087
598098803_2350453e25.jpg,500,375,Tennis Ball,81,15.24000549,444,361.2400055
629765226_c802f55fc3.jpg,375,500,Tennis Ball,7.743362832,358.2964619,109.5132743,455.6415946
629765226_c802f55fc3.jpg,375,500,Tennis Ball,117.2566372,314.0486743,200.2212389,405.8628335
629765226_c802f55fc3.jpg,375,500,Tennis Ball,188.0530973,287.5000017,268.8053097,392.5884973
629765226_c802f55fc3.jpg,375,500,Tennis Ball,231.1946903,277.5442495,317.4778761,358.2964619
629765226_c802f55fc3.jpg,375,500,Tennis Ball,255.5309735,325.1106212,348.4513274,429.092922
629765226_c802f55fc3.jpg,375,500,Tennis Ball,128.3185841,353.8716831,248.8938053,486.6150459
631298318_2255f92c7c.jpg,375,500,Tennis Ball,75.22123894,373.0420391,193.5840708,484.7677028
631298724_84d552658a.jpg,375,500,Tennis Ball,230.0724638,307.0652174,373.1884058,468.2971014
632329321_a4a6f25029.jpg,500,375,Tennis Ball,161,9.240005493,327,173.2400055
645099232_3cf9e157e7.jpg,374,500,Tennis Ball,116,76,324,292
651570125_df49fd36e7.jpg,500,375,Tennis Ball,218,50.24000549,443,271.2400055
6565195-M.jpg,600,386,Tennis Ball,16,79.24000549,271,354.2400055
6565195-M.jpg,600,386,Tennis Ball,273,93.24000549,539,367.2400055
669932373_be2d4b443f.jpg,500,375,Tennis Ball,132.8125,84.51704545,369.3181818,316.7613636
673027799_485f274cde.jpg,500,333,Tennis Ball,115.913556,168.2092089,260.3143418,313.5897399
673027799_485f274cde.jpg,500,333,Tennis Ball,235.7563851,102.3950496,387.0333988,253.6693859
673027799_485f274cde.jpg,500,333,Tennis Ball,330.0589391,56.22690805,470.5304519,198.6605364
69794282_db96bc1482.jpg,500,333,Tennis Ball,118.0555556,160.8238636,143.9393939,191.0965909
72321main_tennisball090500.jpeg,2953,2036,Tennis Ball,434.2647059,428.0227273,1655.996078,1619.545455
74896427_b3dc20e2b3.jpg,375,500,Tennis Ball,128.7878788,288.8257576,243.3712121,409.0909091
764220028_307ffd0f24.jpg,500,333,Tennis Ball,207.7020202,198.0340909,289.1414141,287.5909091
778325195_62cb09e367.jpg,375,500,Tennis Ball,122,208,236,316
78763694_0910f55baa.jpg,500,333,Tennis Ball,106.0903733,158.3862001,255.4027505,273.3154036
83836433_54f62f6b7f.jpg,500,375,Tennis Ball,159,111.2400055,325,279.2400055
847233166_fe2317c7c3.jpg,375,500,Tennis Ball,120.5752212,57.41150611,235.619469,168.0309751
881079206_3f0c64eb35.jpg,500,375,Tennis Ball,90.90909091,3.39673913,466.0786974,358.6956522
8835405_9a6f2889c9.jpg,500,500,Tennis Ball,9.46969697,12.31060606,491.4772727,499.0530303
89582124_31d66cfeda.jpg,500,375,Tennis Ball,46.16477273,0.710227273,257.1022727,213.0681818
89582124_31d66cfeda.jpg,500,375,Tennis Ball,292.6136364,64.63068182,496.4488636,287.6420455
89582124_31d66cfeda.jpg,500,375,Tennis Ball,102.2727273,182.5284091,333.0965909,373.5795455
89582124_31d66cfeda.jpg,500,375,Tennis Ball,0.710227273,254.9715909,102.9829545,372.8693182
89582124_31d66cfeda.jpg,500,375,Tennis Ball,191.0511364,0,340.9090909,160.5113636
92421659_16abfae412.jpg,406,500,Tennis Ball,12.65924276,21.73913043,396.0534521,452.8985507
_41786426_tennisball203ok.jpg,203,152,Tennis Ball,25.09492274,1.452745826,185.5231788,151.2108579
